321, 561
65, 148
102, 786
388, 985
253, 536
472, 5
162, 861
138, 991
369, 1000
213, 242
44, 525
79, 617
258, 707
154, 403
105, 547
120, 32
418, 40
207, 830
465, 559
358, 946
93, 861
203, 76
253, 889
216, 943
360, 920
202, 760
498, 100
394, 221
405, 547
303, 582
286, 700
220, 523
193, 869
433, 304
42, 735
358, 933
339, 673
275, 684
293, 862
72, 823
17, 108
19, 382
52, 691
228, 720
73, 95
91, 129
96, 700
428, 263
174, 976
148, 631
360, 391
445, 983
264, 891
415, 727
412, 610
449, 467
164, 722
96, 69
325, 477
163, 771
20, 807
20, 960
254, 925
298, 557
192, 899
19, 485
419, 139
402, 127
195, 356
369, 365
221, 703
186, 995
431, 30
473, 301
136, 615
273, 448
98, 523
379, 577
34, 756
77, 903
467, 519
262, 221
138, 676
146, 356
235, 972
148, 132
31, 141
434, 333
297, 87
487, 325
351, 343
128, 266
32, 515
3, 893
53, 215
149, 658
346, 807
130, 534
136, 329
369, 547
54, 157
207, 365
388, 75
476, 754
77, 131
11, 261
486, 570
190, 737
417, 778
441, 906
391, 443
241, 648
206, 58
196, 270
439, 858
200, 548
437, 946
429, 826
279, 853
179, 877
386, 153
404, 376
160, 191
2, 677
367, 673
245, 545
283, 387
169, 905
364, 102
158, 715
377, 980
433, 813
373, 525
198, 94
68, 8
188, 120
424, 573
96, 782
406, 495
396, 174
477, 392
173, 167
426, 365
234, 692
60, 957
32, 929
431, 602
22, 2
189, 747
432, 503
209, 471
47, 954
386, 347
423, 421
444, 484
226, 185
306, 984
227, 413
136, 548
398, 728
119, 197
205, 234
77, 319
74, 365
415, 747
191, 846
485, 511
323, 383
274, 904
364, 264
48, 935
446, 252
381, 303
400, 482
34, 390
409, 833
353, 447
242, 678
492, 688
190, 97
379, 758
373, 691
72, 71
245, 893
89, 291
187, 314
35, 536
358, 838
141, 938
284, 177
378, 438
497, 626
377, 549
90, 30
160, 26
343, 678
148, 751
155, 260
248, 138
289, 503
257, 33
173, 757
287, 628
333, 364
493, 173
281, 665
49, 45
166, 197
187, 137
71, 851
274, 157
21, 877
178, 653
307, 569
381, 676
255, 993
206, 505
319, 779
343, 707
257, 991
495, 206
236, 517
72, 223
210, 873
83, 329
154, 982
268, 959
454, 595
81, 835
412, 549
223, 644
428, 304
145, 118
452, 176
138, 771
189, 156
149, 837
121, 509
375, 680
376, 923
228, 476
183, 747
180, 573
420, 857
358, 651
180, 793
20, 433
159, 408
489, 41
132, 138
114, 951
291, 41
219, 335
351, 820
457, 928
10, 442
132, 330
62, 966
477, 32
457, 383
56, 177
172, 45
370, 611
50, 774
191, 617
35, 732
491, 117
188, 73
198, 851
156, 5
206, 894
9, 423
443, 794
245, 849
198, 205
310, 123
376, 943
406, 198
354, 333
180, 646
0, 703
439, 425
494, 948
89, 513
317, 201
262, 508
416, 553
280, 256
346, 436
78, 842
334, 518
325, 203
454, 749
323, 382
379, 512
176, 774
498, 480
396, 11
287, 828
157, 500
63, 144
233, 502
129, 697
370, 1
191, 676
414, 454
270, 186
39, 386
316, 404
475, 873
235, 117
41, 93
374, 426
25, 625
459, 732
351, 736
244, 93
482, 869
490, 769
249, 813
320, 337
313, 428
205, 300
21, 494
8, 911
211, 489
268, 527
103, 524
370, 677
17, 933
309, 387
355, 720
23, 186
430, 900
375, 743
424, 366
177, 528
253, 521
436, 6
343, 216
309, 965
214, 762
51, 552
140, 18
34, 388
105, 371
454, 322
383, 957
342, 416
396, 343
496, 352
90, 680
472, 631
112, 986
357, 30
136, 292
74, 813
432, 362
490, 983
201, 665
236, 244
219, 603
249, 715
66, 404
330, 503
488, 488
412, 435
143, 886
239, 795
394, 135
127, 897
470, 608
120, 626
453, 296
417, 59
222, 698
418, 511
363, 396
58, 460
447, 227
497, 900
92, 367
429, 944
158, 934
332, 598
434, 191
441, 997
494, 922
12, 720
463, 522
213, 666
74, 550
173, 172
88, 821
298, 68
415, 787
381, 533
58, 800
262, 244
483, 467
466, 935
426, 65
67, 833
353, 704
19, 849
9, 297
370, 450
6, 132
433, 659
490, 609
172, 739
379, 240
342, 777
424, 848
401, 130
294, 886
174, 818
95, 333
380, 990
367, 813
249, 267
125, 203
39, 615
21, 149
139, 86
354, 792
450, 256
376, 765
41, 826
237, 740
164, 284
175, 687
397, 354
48, 725
124, 338
382, 769
152, 80
346, 541
141, 259
34, 443
417, 353
230, 237
164, 131
127, 115
418, 400
93, 899
30, 614
307, 651
46, 844
79, 193
247, 397
0, 323
81, 37
154, 457
129, 113
387, 675
69, 929
246, 393
135, 912
252, 10
127, 446
157, 883
444, 642
500, 95
468, 542
28, 279
30, 568
163, 93
10, 355
267, 640
152, 396
458, 981
158, 297
21, 410
476, 8
246, 611
445, 330
103, 969
298, 932
221, 609
475, 864
454, 420
0, 982
312, 654
69, 374
127, 280
161, 505
106, 132
215, 872
418, 95
448, 897
297, 403
170, 229
216, 42
434, 80
442, 511
52, 929
437, 596
287, 827
192, 303
84, 461
211, 410
250, 743
34, 201
368, 890
5, 70
111, 943
393, 970
64, 914
260, 723
458, 295
60, 12
189, 150
11, 461
371, 357
177, 146
87, 172
256, 260
0, 934
182, 960
429, 247
403, 849
499, 120
170, 479
118, 984
369, 167
258, 838
269, 290
322, 826
248, 420
499, 116
87, 97
227, 985
280, 889
384, 21
292, 102
12, 676
33, 484
343, 785
234, 255
278, 899
323, 841
323, 987
121, 712
388, 251
10, 600
302, 65
126, 716
485, 101
99, 113
330, 567
101, 277
412, 942
21, 819
212, 127
498, 573
456, 933
457, 856
193, 237
195, 317
287, 957
213, 844
419, 185
10, 624
428, 251
483, 650
399, 753
220, 723
259, 676
0, 577
305, 627
92, 196
445, 550
224, 585
262, 540
408, 547
2, 825
4, 145
435, 867
217, 27
398, 584
330, 174
384, 723
237, 640
133, 646
292, 3
466, 763
257, 897
402, 333
492, 964
28, 165
353, 769
379, 917
7, 346
186, 773
406, 350
431, 852
34, 46
124, 525
74, 147
102, 327
148, 343
316, 289
368, 757
469, 283
249, 639
431, 340
299, 176
86, 783
310, 6
137, 522
448, 944
238, 829
260, 269
442, 618
293, 694
212, 767
476, 292
259, 294
63, 837
389, 526
268, 606
136, 968
499, 397
40, 456
210, 926
44, 309
445, 567
164, 83
294, 643
130, 950
252, 652
51, 705
453, 104
438, 4
77, 41
259, 286
135, 469
346, 189
140, 769
244, 657
110, 335
266, 261
377, 584
330, 877
452, 726
479, 116
316, 877
213, 293
298, 815
423, 357
161, 972
22, 988
300, 139
411, 535
391, 699
323, 786
439, 937
158, 336
463, 963
258, 615
330, 844
298, 736
130, 457
174, 904
293, 270
61, 244
52, 138
197, 558
425, 114
489, 267
417, 145
385, 56
390, 25
186, 719
58, 351
30, 815
320, 440
48, 641
206, 884
154, 748
67, 974
390, 105
500, 804
273, 278
118, 254
12, 191
377, 750
141, 246
139, 816
237, 451
168, 720
110, 997
31, 458
155, 490
65, 730
497, 907
427, 516
90, 587
225, 677
202, 699
149, 742
359, 39
46, 133
6, 672
302, 148
192, 425
176, 263
67, 5
113, 560
452, 617
413, 396
419, 389
493, 556
217, 849
22, 332
185, 954
332, 106
71, 31
289, 674
288, 608
397, 138
271, 539
499, 880
272, 331
388, 715
199, 287
41, 72
394, 222
261, 960
455, 697
285, 586
368, 106
288, 178
484, 400
489, 210
251, 350
493, 649
383, 37
432, 286
360, 189
333, 644
127, 792
419, 830
290, 369
128, 386
401, 950
415, 776
103, 586
108, 210
292, 939
88, 725
337, 70
114, 361
183, 426
311, 799
487, 138
469, 179
312, 941
272, 348
275, 227
454, 666
420, 899
42, 915
218, 399
395, 729
46, 264
421, 353
350, 840
35, 911
60, 95
192, 914
277, 685
341, 236
262, 795
498, 700
35, 933
148, 269
425, 387
279, 986
18, 959
488, 281
187, 14
198, 874
199, 120
103, 874
361, 660
101, 873
99, 189
276, 998
6, 459
401, 226
337, 787
127, 146
453, 539
315, 510
131, 622
38, 223
183, 411
356, 494
361, 610
253, 431
499, 448
186, 764
209, 174
191, 523
275, 935
242, 797
119, 698
498, 181
80, 27
19, 277
497, 909
285, 278
304, 542
289, 999
298, 860
123, 630
131, 727
248, 665
149, 661
7, 876
327, 794
192, 19
491, 583
56, 186
296, 133
184, 873
73, 490
85, 824
36, 173
79, 850
252, 582
158, 576
249, 412
488, 984
88, 391
124, 515
1, 540
488, 967
23, 506
268, 970
273, 173
488, 467
159, 388
242, 447
317, 318
424, 792
51, 662
50, 441
400, 224
158, 56
199, 491
272, 583
494, 612
65, 78
34, 241
73, 481
391, 532
208, 262
314, 432
287, 871
369, 358
474, 777
395, 679
486, 22
299, 197
453, 941
69, 837
437, 212
467, 148
205, 794
151, 513
313, 75
166, 69
396, 307
293, 168
462, 763
211, 949
475, 490
210, 105
86, 175
403, 126
155, 202
189, 637
199, 915
371, 148
368, 524
446, 87
462, 922
31, 195
54, 865
389, 988
168, 250
430, 508
99, 160
268, 994
55, 448
201, 109
172, 681
193, 782
496, 110
489, 272
359, 318
453, 167
310, 390
37, 496
27, 513
90, 225
120, 272
498, 229
121, 869
369, 370
387, 481
357, 313
242, 51
424, 696
453, 550
15, 435
359, 610
77, 347
104, 747
221, 132
283, 838
437, 396
79, 603
135, 108
315, 699
432, 741
172, 318
471, 205
352, 521
460, 656
323, 570
463, 908
15, 513
188, 561
146, 414
221, 591
471, 712
251, 401
165, 957
106, 733
263, 561
447, 181
498, 631
229, 366
429, 148
408, 891
296, 466
420, 677
482, 684
421, 368
351, 838
440, 244
344, 705
346, 286
128, 601
474, 10
53, 660
458, 392
374, 943
141, 242
32, 496
447, 637
8, 841
132, 104
464, 218
337, 845
41, 922
319, 733
367, 136
438, 977
256, 369
179, 419
185, 867
79, 203
197, 992
465, 34
190, 720
358, 161
198, 185
27, 334
173, 446
201, 528
207, 302
95, 32
466, 868
71, 78
297, 810
99, 330
304, 820
84, 265
65, 119
211, 877
353, 223
306, 494
206, 89
318, 512
244, 475
144, 370
266, 601
55, 504
369, 506
255, 190
357, 180
283, 651
247, 240
199, 713
244, 28
477, 755
379, 145
95, 467
245, 725
226, 190
222, 428
107, 922
456, 588
259, 3
64, 396
56, 130
214, 314
352, 531
485, 598
332, 868
120, 27
359, 493
224, 519
269, 426
239, 625
62, 139
301, 48
492, 731
263, 791
148, 157
219, 144
373, 156
494, 595
344, 775
41, 255
113, 115
62, 213
225, 812
251, 419
233, 217
331, 633
72, 258
204, 2
293, 902
442, 744
336, 451
12, 265
295, 147
76, 951
432, 492
275, 247
483, 815
389, 83
63, 114
340, 671
154, 281
144, 35
179, 775
433, 663
307, 367
111, 617
476, 728
170, 958
193, 377
278, 610
345, 228
358, 944
415, 798
367, 711
498, 968
215, 464
29, 168
125, 301
123, 566
336, 313
474, 763
215, 518
191, 766
432, 43
52, 790
491, 213
427, 128
73, 548
45, 619
184, 164
233, 337
360, 373
224, 84
299, 515
363, 152
97, 493
491, 871
248, 780
28, 579
367, 16
465, 853
34, 790
323, 448
380, 464
446, 771
53, 810
235, 654
10, 650
312, 382
351, 950
68, 627
128, 842
238, 254
326, 262
375, 120
315, 951
359, 969
358, 758
431, 861
277, 889
242, 555
386, 312
405, 820
251, 277
294, 804
238, 436
61, 919
298, 331
342, 701
248, 162
338, 51
360, 74
9, 809
131, 921
91, 399
53, 783
61, 190
3, 863
331, 45
1, 100
53, 599
245, 437
76, 28
167, 639
48, 441
147, 465
24, 244
60, 825
362, 763
270, 361
128, 812
264, 196
164, 778
430, 511
149, 927
104, 994
294, 939
195, 33
435, 370
283, 671
415, 878
289, 727
489, 422
321, 201
301, 377
345, 962
364, 171
126, 779
68, 813
358, 607
89, 139
478, 716
218, 175
290, 276
208, 23
429, 895
248, 480
233, 778
164, 165
433, 614
167, 221
416, 546
404, 35
171, 386
78, 169
182, 20
482, 763
452, 863
163, 328
339, 246
110, 884
378, 312
239, 816
39, 694
400, 316
4, 923
470, 75
455, 745
470, 583
423, 688
125, 239
145, 760
436, 679
432, 886
109, 348
134, 574
373, 854
262, 66
127, 383
481, 16
65, 342
405, 525
2, 280
118, 625
40, 681
311, 586
224, 500
91, 248
21, 786
27, 28
131, 205
178, 785
47, 98
450, 545
37, 907
205, 892
343, 711
261, 322
364, 431
116, 509
477, 3
125, 36
395, 271
115, 43
395, 885
264, 365
251, 264
489, 768
212, 255
61, 885
223, 549
420, 274
316, 402
475, 336
176, 899
234, 260
323, 451
221, 379
248, 316
272, 244
0, 576
54, 187
191, 88
467, 36
274, 114
434, 43
183, 947
468, 964
288, 299
393, 190
379, 261
418, 864
469, 708
447, 163
277, 553
79, 34
409, 522
341, 560
36, 628
485, 848
165, 651
220, 429
51, 464
344, 529
62, 282
148, 510
385, 846
154, 674
24, 905
77, 59
76, 464
110, 649
412, 279
361, 693
379, 799
424, 280
90, 151
182, 15
409, 539
390, 532
121, 64
143, 501
265, 165
394, 816
160, 902
344, 828
410, 298
242, 100
447, 846
281, 566
341, 0
208, 128
94, 394
204, 724
33, 984
61, 580
456, 105
353, 272
138, 863
197, 622
281, 872
440, 366
284, 640
174, 886
498, 293
182, 738
206, 328
396, 934
94, 551
11, 876
167, 72
219, 270
322, 412
305, 961
240, 620
393, 656
5, 888
447, 78
104, 891
433, 482
175, 22
384, 4
174, 379
357, 295
398, 730
487, 133
184, 391
254, 184
192, 926
134, 245
343, 459
96, 293
102, 876
163, 669
119, 402
419, 144
315, 734
450, 40
388, 562
465, 505
497, 118
158, 560
224, 163
64, 5
99, 851
500, 958
19, 139
260, 794
167, 836
181, 309
316, 419
33, 770
332, 727
209, 439
438, 520
14, 502
446, 716
431, 797
106, 201
251, 252
208, 570
325, 631
332, 883
163, 539
279, 400
308, 657
493, 413
454, 733
109, 979
340, 951
181, 451
368, 784
469, 983
319, 618
421, 349
382, 403
56, 46
67, 706
209, 594
45, 724
386, 381
316, 526
380, 271
428, 791
249, 841
123, 675
156, 355
352, 958
477, 744
344, 768
362, 629
54, 137
432, 372
86, 889
249, 520
500, 906
192, 146
460, 580
55, 757
4, 551
215, 413
48, 60
415, 413
122, 522
161, 919
207, 400
402, 12
9, 994
122, 904
206, 357
483, 512
241, 725
283, 338
443, 936
25, 444
252, 410
288, 282
23, 884
457, 705
405, 287
58, 38
169, 847
305, 634
289, 212
323, 182
396, 514
47, 420
399, 703
389, 315
346, 553
343, 941
428, 297
380, 6
393, 197
185, 396
187, 183
467, 627
256, 932
244, 699
486, 896
103, 906
72, 160
102, 499
210, 903
369, 428
345, 239
314, 656
61, 424
390, 445
475, 203
395, 23
168, 836
416, 674
236, 761
274, 347
285, 972
348, 538
425, 223
287, 532
209, 4
475, 719
113, 755
185, 183
230, 980
67, 4
392, 548
445, 431
91, 990
261, 15
256, 705
208, 150
85, 296
242, 45
232, 223
190, 85
165, 446
491, 746
304, 143
442, 230
131, 533
298, 548
431, 354
52, 116
84, 76
402, 905
109, 4
86, 468
87, 453
257, 511
330, 283
63, 644
78, 298
2, 911
432, 351
165, 205
277, 378
414, 334
443, 490
51, 903
253, 114
328, 837
493, 552
7, 325
337, 91
347, 293
450, 86
413, 505
146, 47
280, 478
396, 136
487, 685
37, 51
307, 223
104, 673
280, 654
239, 710
134, 633
297, 152
485, 855
395, 181
322, 588
431, 55
128, 217
64, 5
109, 168
455, 628
176, 310
260, 261
302, 280
351, 200
449, 511
253, 399
241, 784
200, 377
384, 427
316, 719
288, 362
347, 755
391, 367
230, 649
235, 760
230, 886
381, 811
237, 63
196, 578
381, 454
170, 364
344, 184
227, 835
329, 952
265, 292
475, 460
207, 831
273, 297
243, 397
265, 573
37, 686
99, 502
193, 852
496, 19
428, 106
328, 355
155, 272
478, 179
136, 58
459, 631
0, 351
487, 231
30, 697
366, 513
282, 268
475, 939
292, 242
148, 123
359, 98
182, 84
424, 815
10, 416
35, 630
180, 669
140, 420
415, 355
68, 605
211, 419
347, 77
428, 915
80, 678
348, 543
273, 839
115, 887
110, 516
209, 374
32, 41
155, 265
465, 611
351, 642
64, 973
233, 285
411, 381
436, 46
396, 994
472, 175
459, 36
179, 930
339, 856
63, 994
138, 992
123, 984
297, 899
96, 139
476, 390
329, 493
15, 612
418, 439
6, 114
429, 755
262, 350
40, 552
305, 683
398, 955
275, 41
44, 458
470, 672
188, 811
106, 187
309, 128
81, 832
395, 271
459, 387
457, 261
491, 260
239, 819
250, 669
19, 691
248, 345
449, 333
252, 864
119, 551
496, 77
266, 473
244, 329
358, 5
358, 277
500, 18
449, 539
263, 551
151, 891
295, 546
217, 450
202, 643
459, 313
298, 349
406, 191
147, 155
217, 133
31, 382
175, 86
479, 559
340, 858
146, 227
153, 214
171, 57
153, 321
399, 946
176, 417
421, 805
495, 520
69, 49
290, 387
169, 912
452, 27
47, 347
6, 983
3, 396
237, 418
332, 252
450, 547
429, 810
420, 775
60, 531
76, 295
387, 193
2, 443
464, 696
193, 751
438, 626
414, 516
365, 261
453, 715
261, 637
483, 522
308, 514
208, 420
290, 272
275, 514
471, 889
181, 919
8, 603
117, 665
486, 151
200, 678
35, 116
280, 420
75, 760
105, 395
118, 937
192, 312
254, 512
284, 328
489, 537
193, 543
430, 614
244, 164
146, 514
323, 58
373, 904
57, 745
283, 812
7, 205
421, 34
236, 809
455, 476
285, 231
206, 195
433, 970
224, 387
499, 341
323, 951
43, 768
168, 874
431, 177
162, 35
14, 923
385, 739
419, 707
444, 931
86, 787
391, 139
428, 157
89, 987
115, 808
377, 629
498, 225
126, 496
345, 224
244, 427
168, 135
479, 428
471, 63
66, 849
266, 981
254, 152
422, 390
176, 98
437, 544
413, 374
480, 193
454, 241
478, 474
247, 487
194, 11
38, 944
60, 393
92, 19
309, 265
357, 363
175, 9
339, 526
193, 967
497, 623
3, 422
297, 340
25, 219
497, 973
150, 28
461, 255
122, 550
334, 483
267, 121
81, 997
327, 151
34, 835
399, 521
124, 587
151, 981
15, 174
496, 718
365, 94
408, 570
53, 722
254, 602
394, 981
205, 758
345, 171
285, 713
135, 390
438, 86
250, 415
406, 364
201, 549
36, 837
436, 345
278, 502
190, 132
185, 623
156, 195
367, 177
418, 855
327, 95
205, 900
267, 953
114, 100
47, 390
302, 481
156, 365
169, 153
252, 715
477, 82
127, 531
223, 294
234, 89
204, 508
394, 569
59, 349
18, 755
178, 874
290, 830
147, 630
81, 693
352, 0
240, 534
458, 685
218, 851
229, 205
45, 643
251, 435
217, 664
434, 414
154, 859
347, 567
393, 457
33, 562
311, 425
472, 941
35, 940
462, 928
359, 226
470, 948
324, 1
10, 956
274, 246
443, 381
118, 643
194, 622
284, 46
393, 338
451, 167
9, 149
145, 455
167, 410
389, 988
100, 695
278, 491
102, 218
461, 109
224, 847
105, 56
92, 186
353, 189
127, 556
269, 1000
80, 346
65, 95
101, 20
293, 7
85, 23
485, 257
188, 14
309, 700
186, 18
20, 280
149, 509
25, 763
293, 905
327, 744
106, 914
21, 875
198, 187
200, 321
150, 508
441, 677
15, 339
161, 856
192, 44
75, 875
356, 961
266, 944
9, 188
461, 68
351, 140
88, 370
155, 766
247, 721
231, 979
300, 42
378, 745
269, 940
438, 93
174, 964
345, 141
12, 41
91, 709
160, 604
484, 395
139, 920
195, 370
205, 475
390, 291
372, 327
45, 271
237, 238
408, 241
270, 347
263, 599
261, 816
425, 335
205, 687
200, 454
222, 315
65, 495
235, 313
49, 187
478, 387
44, 652
490, 297
76, 18
43, 332
461, 917
82, 66
460, 575
115, 677
293, 182
86, 705
190, 854
483, 67
79, 786
484, 360
148, 852
463, 779
276, 174
414, 918
494, 580
127, 731
453, 383
367, 789
361, 935
349, 864
356, 412
11, 572
88, 504
357, 839
441, 542
268, 772
497, 167
324, 161
441, 206
148, 185
31, 21
190, 718
93, 742
400, 920
415, 399
390, 582
137, 301
368, 525
328, 419
252, 634
232, 484
461, 634
5, 372
123, 588
398, 572
431, 106
148, 423
378, 370
56, 35
433, 244
320, 811
262, 758
210, 882
58, 574
147, 743
473, 762
387, 178
388, 484
10, 622
197, 482
189, 263
18, 716
262, 667
425, 899
31, 379
226, 202
181, 792
430, 984
370, 810
75, 704
412, 124
179, 622
184, 103
407, 891
234, 244
269, 790
88, 16
467, 386
228, 425
234, 2
161, 452
418, 9
149, 167
106, 670
134, 960
452, 738
183, 765
418, 1
309, 402
46, 929
207, 778
211, 118
209, 455
238, 897
328, 378
374, 230
425, 753
77, 963
223, 344
355, 120
219, 873
325, 630
334, 26
196, 777
244, 731
496, 197
446, 527
77, 83
392, 253
388, 981
330, 951
357, 848
50, 841
217, 452
224, 472
214, 426
380, 882
40, 315
275, 290
257, 232
405, 679
467, 736
314, 668
265, 607
90, 759
191, 348
19, 291
292, 685
471, 249
169, 695
217, 988
0, 13
199, 103
134, 1000
51, 122
277, 15
21, 284
172, 119
424, 960
148, 599
106, 102
206, 227
44, 675
115, 449
275, 71
55, 64
209, 120
79, 212
147, 915
226, 677
169, 335
338, 1
263, 800
343, 858
343, 480
202, 185
439, 24
418, 652
327, 508
407, 510
316, 782
335, 708
481, 616
446, 484
283, 756
306, 358
161, 778
443, 979
42, 581
245, 424
167, 282
273, 838
271, 861
242, 364
127, 416
351, 674
131, 610
100, 427
325, 313
151, 978
95, 65
56, 18
184, 991
476, 414
171, 519
416, 580
69, 575
237, 237
235, 713
26, 536
332, 896
238, 690
74, 126
400, 544
189, 201
285, 369
436, 876
254, 881
470, 49
119, 369
177, 681
449, 143
469, 473
41, 231
283, 768
259, 245
169, 882
31, 165
241, 490
460, 256
111, 429
312, 135
467, 867
283, 289
195, 382
158, 952
437, 195
416, 943
465, 573
471, 640
303, 548
40, 913
403, 268
303, 392
434, 966
188, 280
413, 579
486, 699
330, 258
463, 570
164, 670
327, 155
146, 840
359, 474
274, 405
390, 256
29, 117
165, 42
476, 409
62, 654
1, 320
290, 767
58, 123
33, 613
247, 588
298, 808
316, 912
493, 153
228, 704
458, 195
228, 635
57, 617
63, 188
95, 997
320, 514
94, 746
319, 363
0, 419
104, 144
331, 349
126, 522
75, 523
255, 571
73, 67
22, 232
379, 365
435, 964
317, 717
100, 615
327, 465
141, 836
99, 580
27, 497
36, 585
184, 142
128, 240
434, 32
452, 29
201, 6
266, 602
496, 581
135, 466
52, 223
15, 375
33, 684
10, 733
443, 843
369, 812
300, 457
196, 289
364, 125
321, 106
86, 635
142, 354
440, 451
22, 138
141, 504
391, 929
314, 286
64, 615
217, 995
91, 315
200, 863
486, 277
455, 562
255, 613
311, 570
134, 602
3, 863
39, 869
322, 865
33, 477
353, 735
212, 86
197, 187
266, 414
82, 26
92, 478
455, 13
76, 566
347, 454
170, 199
310, 67
381, 741
433, 367
283, 594
435, 530
258, 255
271, 740
354, 789
489, 696
186, 585
156, 133
466, 420
413, 622
31, 254
5, 856
199, 614
447, 424
140, 465
45, 579
136, 653
210, 428
402, 972
342, 389
436, 214
457, 251
130, 594
24, 77
234, 586
169, 775
428, 185
191, 822
328, 87
130, 778
205, 903
196, 849
430, 998
441, 320
386, 886
494, 812
443, 720
330, 213
30, 339
112, 407
141, 821
396, 586
241, 969
449, 373
374, 647
217, 546
481, 471
43, 5
153, 469
241, 402
322, 777
60, 528
103, 815
168, 580
362, 139
163, 304
79, 823
421, 750
42, 594
435, 986
134, 374
187, 532
210, 716
388, 318
2, 176
243, 726
293, 289
166, 947
371, 614
422, 588
40, 705
296, 167
238, 9
410, 613
415, 946
367, 253
413, 492
96, 935
367, 138
53, 86
487, 493
165, 667
274, 832
432, 9
193, 284
115, 500
176, 408
452, 961
324, 559
158, 436
349, 587
55, 171
332, 919
412, 430
285, 949
277, 502
391, 211
145, 314
490, 785
296, 675
108, 830
249, 689
301, 518
304, 914
443, 397
74, 430
187, 730
286, 136
300, 243
64, 173
345, 524
315, 416
189, 878
317, 838
317, 861
224, 941
57, 337
252, 135
146, 588
305, 410
258, 423
229, 107
283, 238
209, 555
480, 633
182, 39
412, 422
260, 532
34, 549
97, 405
160, 491
454, 569
275, 227
3, 541
441, 20
70, 368
136, 762
433, 956
56, 429
29, 140
222, 257
361, 442
332, 751
156, 837
323, 769
50, 632
96, 310
134, 396
474, 393
219, 695
366, 874
278, 15
355, 506
278, 625
68, 533
411, 646
176, 491
104, 845
131, 786
445, 487
10, 656
407, 393
192, 255
50, 429
430, 276
302, 778
258, 505
348, 669
120, 796
214, 293
169, 86
137, 259
125, 100
70, 847
445, 667
323, 304
285, 211
235, 426
341, 584
234, 989
472, 262
171, 116
396, 788
376, 904
486, 52
78, 278
53, 641
448, 432
350, 300
477, 819
301, 337
364, 45
205, 84
21, 65
388, 257
315, 491
91, 90
235, 260
297, 252
309, 444
418, 936
158, 724
437, 284
472, 812
10, 321
258, 354
185, 998
130, 3
469, 749
392, 460
408, 167
314, 745
65, 2
121, 251
368, 833
359, 405
222, 792
376, 734
408, 662
237, 63
404, 695
370, 61
349, 114
442, 368
314, 726
432, 120
285, 399
152, 433
187, 316
75, 425
112, 739
104, 968
75, 743
180, 777
400, 89
249, 35
151, 153
60, 913
388, 808
496, 568
458, 819
399, 525
56, 426
77, 940
169, 693
95, 866
99, 247
419, 973
44, 987
108, 846
224, 985
360, 23
74, 673
292, 809
492, 844
302, 739
154, 656
179, 305
345, 376
229, 148
496, 499
216, 979
316, 672
360, 672
79, 344
56, 629
321, 785
312, 400
471, 905
249, 733
373, 909
209, 275
391, 400
215, 238
326, 704
368, 895
121, 456
361, 984
137, 606
335, 310
196, 850
57, 597
184, 424
426, 127
76, 952
239, 456
415, 361
389, 673
190, 58
79, 224
471, 370
483, 21
174, 928
284, 771
326, 836
495, 624
428, 590
423, 933
157, 646
184, 158
364, 82
29, 369
189, 195
225, 612
431, 773
300, 755
345, 163
289, 652
99, 115
391, 890
416, 130
321, 794
148, 936
282, 905
443, 713
180, 82
86, 321
156, 963
224, 577
448, 502
178, 136
284, 764
188, 695
51, 379
430, 721
342, 622
322, 621
459, 961
93, 163
395, 697
144, 940
309, 321
212, 857
410, 178
185, 618
118, 585
459, 116
408, 428
108, 464
377, 62
117, 957
113, 243
454, 321
272, 892
250, 158
278, 438
478, 232
189, 644
357, 857
141, 291
400, 777
166, 403
215, 811
237, 517
48, 727
301, 535
148, 798
61, 984
403, 261
38, 128
404, 556
407, 707
119, 128
36, 645
335, 226
218, 906
84, 57
100, 256
403, 980
57, 226
103, 595
206, 165
499, 800
181, 5
77, 535
72, 430
494, 975
94, 861
144, 166
217, 193
458, 214
444, 56
442, 402
277, 643
336, 168
46, 589
149, 549
241, 317
174, 483
452, 199
312, 245
476, 985
390, 167
10, 826
485, 509
97, 843
3, 533
423, 42
222, 730
286, 70
0, 420
439, 599
430, 997
432, 407
188, 224
16, 906
36, 62
71, 51
216, 179
484, 42
236, 351
446, 338
298, 366
219, 165
343, 282
395, 465
269, 488
122, 996
146, 588
421, 805
111, 373
218, 942
456, 628
491, 282
240, 427
132, 288
357, 154
301, 980
363, 730
395, 765
163, 308
476, 399
354, 75
342, 269
275, 961
351, 494
410, 150
158, 283
366, 413
92, 814
297, 441
94, 650
385, 363
442, 149
496, 237
231, 481
174, 215
134, 19
54, 600
322, 7
279, 855
230, 3
478, 494
178, 957
43, 73
84, 235
291, 687
324, 711
86, 632
474, 548
192, 798
59, 516
367, 56
4, 859
401, 269
268, 413
28, 901
318, 255
82, 734
458, 720
463, 102
207, 2
407, 67
330, 950
253, 338
388, 904
280, 159
422, 117
411, 1000
479, 884
185, 950
357, 559
93, 753
284, 793
340, 306
139, 443
451, 195
451, 722
211, 865
326, 538
207, 652
132, 109
234, 464
294, 642
10, 811
151, 456
383, 232
236, 186
169, 978
259, 1000
350, 945
416, 467
172, 748
476, 274
158, 503
35, 552
116, 124
350, 962
432, 551
226, 90
271, 477
157, 588
450, 742
20, 34
380, 385
70, 536
30, 167
171, 67
300, 364
465, 483
285, 577
61, 212
352, 391
208, 236
362, 636
148, 837
299, 854
62, 125
17, 742
98, 232
260, 447
392, 736
22, 264
15, 939
6, 340
157, 663
483, 5
394, 42
191, 546
497, 953
97, 266
85, 345
244, 767
276, 251
0, 192
246, 17
396, 690
98, 113
359, 758
367, 392
405, 104
480, 730
192, 962
347, 675
453, 529
456, 110
250, 865
190, 872
420, 859
37, 542
455, 887
134, 518
29, 647
55, 739
130, 619
393, 218
144, 425
283, 945
354, 969
283, 65
55, 359
344, 676
261, 505
351, 750
327, 640
364, 575
25, 861
451, 2
86, 297
256, 549
51, 281
212, 135
81, 167
264, 688
359, 803
435, 833
229, 478
341, 142
358, 120
191, 500
354, 475
27, 820
233, 959
408, 515
333, 138
126, 432
75, 888
368, 405
469, 247
207, 467
103, 962
136, 881
83, 568
218, 576
167, 153
352, 465
450, 73
271, 438
152, 889
2, 64
454, 819
95, 389
279, 974
163, 627
172, 120
419, 960
213, 508
299, 615
417, 326
90, 576
195, 393
226, 918
99, 391
455, 117
154, 676
140, 6
113, 628
496, 712
7, 461
154, 66
8, 566
431, 115
364, 980
293, 534
310, 87
412, 718
223, 3
196, 55
109, 423
297, 802
472, 507
157, 604
177, 783
80, 41
343, 988
61, 245
464, 261
476, 99
486, 772
481, 435
179, 290
345, 635
149, 903
349, 696
93, 971
371, 291
406, 973
275, 406
294, 732
242, 108
29, 767
255, 531
314, 699
143, 573
286, 81
289, 703
361, 903
480, 68
186, 319
423, 355
55, 291
19, 2
409, 875
198, 269
465, 230
276, 154
267, 896
41, 455
465, 483
148, 594
377, 138
18, 63
163, 374
158, 741
287, 208
344, 260
290, 15
318, 683
450, 263
116, 152
229, 249
459, 520
104, 52
116, 878
257, 535
223, 351
275, 972
314, 745
151, 981
235, 376
214, 547
477, 387
24, 261
349, 261
447, 651
128, 517
111, 494
137, 399
450, 197
378, 294
359, 486
247, 943
446, 311
200, 582
499, 487
369, 442
71, 131
419, 73
304, 817
130, 727
303, 227
91, 42
391, 626
194, 618
298, 358
94, 521
339, 646
332, 392
406, 417
179, 197
496, 982
86, 819
370, 919
34, 81
32, 436
56, 930
116, 159
6, 211
245, 351
50, 234
270, 316
141, 605
49, 20
445, 187
439, 886
205, 807
221, 746
373, 715
95, 608
152, 959
20, 518
434, 782
421, 542
108, 222
378, 493
216, 292
451, 780
344, 307
432, 740
128, 421
318, 386
439, 98
500, 675
278, 765
218, 807
258, 276
30, 810
378, 823
105, 626
66, 283
172, 452
23, 584
245, 754
71, 466
381, 776
252, 672
68, 729
305, 405
56, 214
354, 871
177, 899
30, 866
338, 667
21, 805
384, 272
316, 920
61, 917
40, 227
224, 189
394, 255
455, 236
232, 304
421, 152
391, 684
267, 334
115, 370
317, 306
493, 290
104, 465
118, 994
225, 663
9, 268
196, 90
230, 587
398, 814
179, 911
240, 302
372, 430
53, 357
294, 355
129, 985
454, 352
207, 404
426, 208
11, 454
289, 88
459, 767
169, 333
218, 946
342, 589
174, 313
494, 70
469, 323
315, 311
452, 487
284, 516
324, 7
142, 405
182, 120
147, 128
352, 74
103, 961
343, 35
469, 353
482, 187
312, 472
405, 458
419, 701
113, 353
22, 713
363, 499
483, 510
467, 245
60, 827
73, 154
339, 821
459, 428
171, 510
116, 421
498, 149
53, 444
40, 58
378, 129
209, 243
197, 352
255, 428
373, 438
334, 757
463, 475
57, 395
292, 648
263, 308
369, 937
198, 274
69, 190
388, 746
127, 267
457, 313
375, 602
250, 188
457, 699
34, 852
18, 132
361, 953
57, 544
323, 843
230, 723
284, 775
62, 805
301, 823
100, 257
325, 171
401, 0
24, 662
360, 591
193, 31
214, 109
274, 787
303, 630
312, 52
462, 520
454, 948
192, 1000
39, 560
498, 30
103, 674
61, 949
307, 439
365, 627
150, 182
331, 160
318, 928
344, 792
475, 318
411, 199
486, 389
272, 739
173, 819
281, 535
110, 13
471, 294
268, 352
125, 880
397, 231
405, 41
74, 393
37, 901
161, 568
88, 879
133, 358
183, 802
312, 676
216, 621
80, 51
271, 181
17, 339
87, 77
481, 17
275, 318
295, 629
83, 136
196, 542
193, 738
447, 949
492, 132
72, 8
499, 190
142, 926
146, 768
215, 725
159, 752
113, 253
377, 777
233, 807
239, 604
56, 198
353, 678
107, 867
284, 629
0, 29
274, 250
147, 386
308, 706
257, 999
88, 73
493, 831
127, 56
405, 302
254, 187
172, 448
124, 186
200, 115
174, 491
333, 504
89, 691
375, 648
65, 710
364, 118
458, 688
482, 917
245, 921
44, 480
42, 700
5, 408
11, 163
358, 245
188, 45
440, 966
205, 292
370, 509
243, 789
85, 810
5, 869
302, 746
469, 599
323, 608
44, 665
70, 185
402, 346
466, 630
370, 957
378, 923
41, 595
167, 450
487, 327
500, 16
98, 582
1, 76
421, 398
487, 666
457, 264
323, 296
483, 900
401, 67
265, 360
394, 47
196, 625
434, 242
122, 637
39, 973
483, 470
223, 3
433, 631
415, 996
319, 461
66, 844
119, 191
26, 20
446, 374
23, 109
129, 535
110, 264
202, 496
203, 686
235, 66
303, 292
227, 683
301, 699
302, 682
193, 249
40, 373
146, 873
74, 269
58, 974
181, 882
484, 287
193, 404
199, 381
299, 802
104, 216
59, 896
364, 661
242, 72
192, 128
81, 237
376, 568
294, 481
141, 480
145, 906
222, 898
149, 702
142, 412
481, 188
65, 852
86, 757
254, 119
338, 390
16, 57
161, 485
167, 82
170, 377
146, 442
180, 229
332, 699
153, 445
14, 231
220, 750
108, 410
489, 983
335, 282
258, 220
476, 130
229, 452
454, 196
55, 119
306, 894
0, 363
486, 569
245, 7
467, 93
324, 124
185, 890
406, 757
372, 478
66, 435
366, 480
184, 938
430, 491
16, 643
390, 473
322, 911
306, 671
320, 541
235, 471
425, 641
376, 138
209, 813
159, 937
471, 28
192, 819
23, 125
235, 687
490, 452
106, 850
228, 93
52, 362
2, 830
80, 664
65, 82
458, 585
279, 961
174, 613
40, 241
408, 546
312, 399
287, 592
177, 198
265, 501
340, 293
299, 935
325, 11
78, 793
46, 501
74, 26
104, 899
440, 930
69, 444
79, 877
500, 711
181, 428
314, 356
269, 163
175, 790
139, 969
451, 585
381, 377
468, 707
471, 299
113, 525
481, 841
219, 578
460, 771
263, 527
287, 740
101, 620
387, 254
53, 880
356, 487
29, 191
240, 364
223, 6
172, 362
479, 2
420, 599
493, 47
332, 815
72, 405
466, 299
308, 557
295, 174
461, 18
51, 962
98, 920
50, 331
432, 840
227, 394
358, 136
180, 104
414, 604
69, 579
472, 883
393, 74
130, 367
208, 738
437, 702
114, 720
334, 517
451, 150
384, 360
60, 601
344, 550
344, 663
226, 174
157, 493
347, 604
429, 778
488, 499
27, 583
245, 26
216, 587
88, 467
35, 24
399, 726
185, 185
293, 390
439, 191
161, 351
219, 399
61, 863
255, 345
418, 120
451, 791
42, 713
40, 235
185, 766
483, 886
159, 759
302, 451
484, 654
243, 281
463, 621
256, 748
272, 525
145, 536
111, 67
425, 946
203, 51
327, 533
391, 612
397, 946
278, 20
29, 888
175, 377
57, 20
0, 878
26, 335
24, 249
188, 143
259, 255
354, 911
185, 814
272, 877
75, 716
26, 274
368, 781
179, 244
235, 697
98, 751
68, 460
457, 138
78, 85
318, 5
411, 432
495, 72
161, 688
166, 903
300, 861
198, 740
414, 668
288, 128
196, 771
104, 458
477, 101
337, 738
260, 692
185, 2
127, 794
63, 588
383, 278
144, 591
458, 608
437, 431
444, 729
256, 551
24, 575
144, 838
332, 423
94, 255
13, 457
201, 310
363, 928
494, 707
490, 356
384, 482
412, 328
266, 742
186, 384
25, 156
168, 545
298, 394
363, 257
144, 605
257, 91
275, 555
489, 2
403, 503
81, 453
20, 634
197, 944
45, 41
431, 436
476, 241
112, 833
285, 480
295, 534
495, 336
113, 944
275, 435
431, 978
345, 334
229, 879
378, 960
312, 204
59, 411
239, 529
236, 347
138, 915
188, 143
41, 440
468, 665
459, 543
387, 377
384, 734
295, 799
167, 320
44, 72
53, 704
51, 318
236, 512
65, 7
229, 819
152, 292
433, 90
43, 827
136, 417
193, 892
477, 194
43, 801
215, 125
147, 77
249, 617
35, 425
171, 967
24, 766
289, 429
292, 609
455, 943
293, 572
188, 897
125, 281
152, 407
321, 841
394, 138
398, 155
43, 737
428, 332
427, 294
25, 329
270, 813
7, 445
4, 200
270, 596
136, 322
109, 614
220, 769
388, 596
137, 79
248, 450
217, 72
315, 250
48, 626
458, 833
312, 402
245, 663
22, 979
486, 978
473, 478
157, 280
425, 944
175, 754
458, 506
353, 354
248, 621
145, 824
428, 470
136, 796
301, 161
399, 228
266, 709
346, 829
483, 429
168, 911
77, 818
466, 352
62, 438
242, 135
468, 119
288, 231
256, 254
285, 787
92, 584
101, 850
174, 931
106, 12
441, 290
96, 653
0, 210
433, 308
492, 517
271, 545
86, 974
406, 501
341, 951
37, 306
344, 871
199, 598
249, 193
289, 699
29, 623
323, 466
197, 943
210, 125
324, 976
75, 757
97, 159
487, 459
258, 152
273, 482
113, 65
146, 647
293, 644
389, 789
354, 315
493, 784
121, 40
237, 618
110, 665
75, 927
214, 377
253, 242
397, 351
145, 712
243, 965
290, 206
136, 41
165, 152
468, 286
377, 402
322, 478
333, 15
88, 630
296, 827
154, 582
378, 890
128, 368
61, 668
196, 118
193, 364
55, 622
426, 49
488, 824
71, 155
215, 800
146, 768
256, 941
97, 384
110, 327
29, 72
161, 781
325, 791
333, 557
215, 962
468, 942
161, 618
423, 436
134, 117
394, 65
234, 963
312, 693
287, 781
178, 31
169, 452
348, 798
37, 1
411, 791
229, 799
155, 242
324, 456
356, 514
253, 259
245, 175
325, 412
8, 984
268, 328
481, 197
185, 512
370, 941
175, 910
303, 374
202, 71
202, 419
375, 5
411, 663
358, 614
267, 782
258, 214
120, 171
110, 395
98, 699
86, 605
315, 3
334, 667
360, 371
118, 627
199, 976
266, 338
428, 480
219, 720
186, 679
249, 263
411, 610
97, 744
489, 507
353, 114
40, 580
178, 985
4, 322
397, 321
350, 4
242, 266
12, 476
410, 751
360, 384
68, 886
4, 798
83, 668
305, 54
116, 832
348, 438
402, 849
33, 501
142, 639
395, 870
466, 922
68, 790
44, 38
150, 104
99, 247
182, 478
494, 987
465, 575
296, 829
413, 456
265, 982
104, 231
298, 489
69, 454
383, 285
202, 577
119, 768
199, 178
495, 175
388, 940
70, 956
130, 965
374, 714
19, 898
411, 639
258, 380
420, 477
278, 527
426, 448
438, 292
238, 279
171, 629
6, 507
76, 245
446, 903
140, 591
397, 355
112, 660
89, 170
270, 486
220, 467
233, 655
12, 818
287, 262
287, 172
3, 685
189, 954
403, 170
384, 402
412, 259
393, 492
374, 192
22, 98
473, 552
124, 328
212, 269
353, 765
259, 383
202, 499
411, 642
92, 58
385, 955
305, 972
241, 974
330, 724
56, 205
248, 187
372, 672
225, 555
321, 428
232, 154
123, 456
138, 265
238, 920
22, 573
183, 915
110, 247
274, 755
246, 594
384, 904
162, 333
444, 403
137, 271
36, 220
175, 490
203, 51
168, 607
36, 851
61, 118
273, 774
86, 777
246, 509
365, 454
291, 691
126, 451
368, 270
26, 244
100, 609
171, 165
146, 59
169, 615
441, 173
362, 151
496, 991
495, 965
224, 334
435, 755
132, 829
140, 638
458, 12
461, 620
172, 500
429, 164
23, 887
265, 90
27, 14
8, 508
441, 487
371, 395
496, 627
271, 329
116, 404
348, 673
288, 892
285, 262
336, 572
286, 24
92, 185
182, 960
408, 346
312, 923
466, 963
328, 505
361, 761
52, 503
337, 42
181, 239
23, 400
462, 795
13, 439
57, 506
480, 833
382, 911
366, 8
31, 669
314, 536
398, 936
5, 743
497, 870
197, 726
180, 22
335, 144
363, 528
281, 400
444, 471
240, 549
37, 755
125, 818
86, 280
68, 589
30, 764
497, 929
295, 614
313, 35
195, 241
113, 794
180, 483
321, 296
64, 479
328, 126
152, 660
265, 94
116, 123
459, 551
256, 756
457, 231
203, 635
334, 811
57, 742
393, 565
31, 196
242, 521
135, 413
483, 808
19, 353
234, 439
3, 335
113, 260
34, 205
165, 792
218, 353
124, 481
235, 917
227, 698
72, 942
428, 344
364, 823
334, 567
488, 416
62, 982
198, 124
39, 249
315, 535
354, 217
489, 155
451, 573
412, 248
269, 22
162, 171
448, 87
147, 463
199, 897
33, 907
219, 71
143, 868
459, 864
50, 157
219, 852
8, 965
260, 751
43, 91
373, 383
312, 291
368, 735
174, 667
242, 410
458, 853
198, 257
450, 375
45, 534
195, 631
61, 769
441, 912
179, 239
66, 550
199, 553
10, 849
327, 807
431, 865
111, 135
83, 114
319, 14
161, 845
326, 848
316, 613
482, 297
457, 727
245, 699
114, 691
35, 876
75, 188
270, 30
171, 352
404, 94
216, 472
50, 257
345, 491
83, 363
368, 327
165, 58
38, 736
249, 92
166, 770
320, 169
48, 909
456, 160
166, 203
241, 895
74, 47
184, 159
187, 750
359, 111
280, 51
35, 86
315, 404
180, 204
335, 955
124, 266
149, 529
307, 721
51, 0
186, 943
402, 19
338, 416
240, 882
357, 921
182, 267
104, 71
326, 87
130, 457
128, 646
380, 417
79, 844
456, 253
438, 986
121, 308
131, 684
154, 286
77, 419
152, 635
195, 337
334, 536
0, 780
409, 23
274, 690
100, 462
29, 152
264, 492
84, 259
194, 736
419, 166
360, 372
390, 685
4, 683
443, 612
422, 469
46, 352
368, 934
436, 83
17, 445
426, 258
390, 822
45, 617
208, 384
500, 69
405, 109
274, 207
270, 140
234, 309
368, 502
303, 297
311, 826
211, 32
343, 644
25, 552
409, 633
395, 375
31, 639
291, 127
100, 206
22, 135
344, 763
494, 80
332, 180
280, 934
470, 363
286, 446
146, 401
198, 467
135, 291
412, 59
188, 505
198, 620
46, 937
289, 718
94, 934
24, 559
45, 280
174, 666
488, 174
473, 208
409, 710
471, 119
3, 108
95, 904
367, 357
455, 259
456, 673
171, 162
261, 990
439, 512
105, 552
46, 480
380, 703
334, 42
142, 423
243, 560
139, 130
93, 506
311, 692
202, 620
4, 229
14, 972
419, 452
461, 8
405, 45
319, 499
75, 239
248, 571
339, 860
111, 874
464, 791
237, 276
220, 739
174, 354
13, 280
341, 687
451, 578
154, 577
21, 156
391, 595
22, 925
421, 623
338, 273
258, 512
459, 565
323, 736
294, 60
193, 995
332, 738
395, 732
400, 496
338, 830
439, 943
311, 526
408, 980
380, 676
238, 16
102, 609
415, 65
187, 93
193, 307
278, 849
10, 545
253, 818
267, 429
25, 512
385, 398
4, 255
30, 936
274, 399
30, 782
245, 506
23, 367
425, 477
196, 396
226, 883
347, 485
408, 154
296, 616
384, 782
177, 446
241, 392
489, 171
490, 674
319, 633
200, 421
197, 696
356, 137
23, 970
172, 791
363, 925
32, 476
217, 831
441, 305
99, 97
233, 665
341, 772
162, 498
493, 72
338, 330
446, 463
402, 353
224, 666
240, 66
284, 714
473, 126
175, 858
387, 619
451, 394
190, 479
411, 811
496, 954
52, 556
371, 656
31, 460
403, 137
226, 550
399, 1000
255, 757
66, 388
15, 701
174, 696
101, 67
39, 933
424, 982
499, 782
113, 970
388, 618
297, 903
119, 563
214, 787
445, 174
343, 893
485, 679
347, 530
421, 999
263, 921
120, 192
439, 560
331, 412
341, 939
95, 208
278, 825
60, 949
454, 403
243, 905
221, 715
360, 289
182, 759
231, 880
82, 828
248, 496
75, 252
127, 141
347, 203
205, 667
342, 373
150, 219
26, 107
138, 829
184, 87
447, 49
412, 194
312, 947
168, 359
356, 307
260, 108
84, 569
337, 87
188, 565
236, 407
484, 76
489, 26
131, 682
317, 325
454, 951
358, 945
50, 594
390, 402
175, 393
252, 22
394, 577
325, 110
480, 357
219, 115
462, 914
14, 965
48, 54
177, 326
354, 188
28, 651
156, 844
253, 883
200, 931
355, 114
380, 743
6, 181
58, 719
472, 59
405, 273
218, 59
419, 309
452, 152
165, 385
83, 582
106, 871
179, 832
199, 319
11, 915
196, 915
201, 987
24, 927
462, 10
234, 308
328, 219
396, 159
217, 8
142, 637
192, 212
445, 10
78, 756
429, 280
448, 16
186, 678
72, 380
32, 438
233, 943
117, 323
245, 142
456, 718
398, 859
477, 282
462, 63
379, 535
388, 381
161, 866
430, 458
240, 781
50, 206
352, 151
158, 901
338, 861
137, 14
387, 547
75, 855
81, 368
495, 864
291, 207
250, 427
286, 817
351, 460
272, 859
274, 704
227, 281
164, 588
52, 206
54, 23
385, 947
382, 416
112, 326
112, 254
126, 779
105, 409
330, 198
286, 715
479, 814
83, 720
71, 889
280, 510
438, 289
312, 775
413, 195
110, 411
62, 457
366, 488
291, 795
14, 770
77, 954
470, 662
97, 922
458, 278
410, 556
326, 254
449, 207
351, 725
118, 759
143, 76
452, 926
339, 272
404, 310
62, 97
192, 851
343, 386
459, 476
477, 789
243, 982
8, 851
68, 992
172, 236
142, 85
252, 671
273, 213
475, 115
379, 293
95, 221
282, 277
207, 204
481, 360
370, 160
55, 332
137, 716
419, 986
17, 294
304, 127
459, 402
149, 616
38, 885
190, 498
138, 852
266, 1
270, 865
110, 524
61, 936
393, 6
330, 453
25, 605
76, 237
282, 862
25, 400
232, 42
326, 410
428, 211
342, 201
380, 706
98, 753
300, 355
326, 698
461, 212
31, 601
464, 719
39, 266
149, 816
177, 293
322, 285
482, 831
289, 525
410, 138
413, 355
15, 968
113, 613
270, 710
201, 737
380, 929
166, 807
317, 933
440, 940
305, 639
429, 759
188, 806
434, 578
155, 78
396, 659
424, 993
493, 3
342, 960
171, 271
293, 843
321, 206
197, 618
95, 341
197, 255
142, 379
43, 706
137, 316
172, 48
417, 125
332, 35
114, 173
322, 488
51, 509
83, 618
188, 10
150, 700
374, 663
212, 194
110, 849
164, 371
215, 247
238, 654
224, 20
202, 232
347, 392
58, 813
107, 421
455, 39
358, 102
401, 884
10, 429
379, 328
23, 245
162, 705
254, 440
86, 480
120, 504
88, 358
26, 298
418, 352
40, 371
482, 882
449, 600
432, 961
241, 549
91, 542
123, 360
313, 32
398, 651
9, 969
57, 407
443, 933
413, 306
491, 954
286, 133
85, 762
357, 977
0, 602
8, 865
401, 801
457, 453
380, 74
97, 395
214, 934
350, 614
327, 114
395, 992
40, 31
88, 339
446, 273
13, 988
456, 666
295, 312
125, 655
396, 658
152, 85
325, 720
259, 400
22, 256
273, 571
318, 701
255, 304
197, 697
44, 719
107, 107
418, 346
422, 920
56, 524
292, 634
114, 899
389, 520
335, 569
127, 350
415, 235
353, 493
355, 29
251, 465
205, 661
396, 457
498, 827
317, 538
162, 480
101, 602
21, 890
452, 137
218, 653
38, 611
43, 89
29, 959
284, 599
195, 610
18, 768
188, 348
135, 403
149, 461
77, 200
447, 767
484, 918
359, 140
51, 261
19, 814
459, 646
448, 511
201, 176
249, 535
5, 743
102, 600
422, 700
25, 126
431, 890
112, 1
83, 364
243, 484
138, 92
442, 473
130, 86
26, 549
214, 870
69, 786
243, 289
8, 1
45, 444
131, 341
143, 713
165, 191
92, 103
424, 236
83, 242
100, 613
398, 181
489, 123
500, 967
386, 874
60, 165
339, 703
150, 87
81, 333
404, 533
383, 488
3, 962
220, 413
478, 233
472, 24
349, 926
248, 410
252, 197
401, 20
325, 322
453, 172
484, 771
291, 31
261, 937
232, 499
326, 757
334, 629
108, 546
464, 845
477, 121
378, 909
169, 612
385, 393
183, 575
421, 128
177, 48
114, 729
176, 437
1, 173
41, 552
176, 360
83, 845
465, 663
357, 62
456, 440
219, 261
439, 253
410, 259
479, 569
345, 249
151, 709
349, 852
51, 882
75, 57
298, 293
71, 668
365, 349
2, 185
360, 573
140, 57
268, 764
333, 492
29, 811
260, 6
90, 16
451, 864
499, 51
329, 988
57, 168
34, 693
249, 771
252, 823
280, 710
32, 716
268, 877
403, 10
405, 524
151, 461
135, 518
177, 551
213, 2
7, 561
397, 145
1, 252
125, 670
427, 854
123, 893
340, 504
89, 85
234, 311
184, 323
274, 949
378, 474
388, 477
412, 346
395, 14
310, 613
207, 84
294, 905
240, 761
137, 774
255, 275
446, 143
357, 300
407, 614
316, 759
407, 571
444, 745
128, 392
178, 940
285, 706
86, 666
272, 550
470, 891
1, 497
170, 552
39, 351
196, 373
395, 618
307, 588
321, 846
9, 245
92, 538
305, 647
470, 262
154, 932
108, 909
330, 136
49, 851
6, 556
83, 825
200, 981
336, 931
88, 331
42, 896
236, 222
228, 655
244, 911
268, 537
297, 116
90, 45
385, 501
152, 429
61, 904
67, 529
197, 413
293, 938
15, 836
190, 366
419, 221
183, 463
3, 550
165, 872
403, 172
269, 4
220, 759
157, 509
213, 424
75, 486
484, 966
323, 790
474, 456
169, 505
334, 0
124, 912
499, 239
173, 805
240, 225
150, 886
116, 961
144, 90
199, 163
421, 432
193, 233
215, 243
457, 28
193, 526
39, 574
431, 80
54, 19
155, 624
97, 658
367, 666
331, 304
44, 817
463, 958
356, 748
261, 433
9, 838
263, 334
368, 581
237, 742
76, 752
422, 433
20, 911
367, 47
498, 962
71, 198
272, 151
97, 66
304, 644
345, 291
340, 637
448, 910
34, 956
484, 182
32, 28
77, 60
20, 157
157, 392
467, 37
482, 683
315, 560
392, 727
251, 220
101, 223
154, 859
450, 942
44, 682
307, 12
35, 938
119, 918
385, 505
123, 435
174, 751
206, 764
70, 447
103, 909
421, 966
53, 157
181, 974
41, 408
9, 272
397, 157
369, 56
63, 866
120, 501
318, 443
49, 314
284, 466
92, 988
326, 413
392, 513
460, 689
32, 939
383, 40
25, 155
222, 901
264, 64
84, 411
79, 974
428, 605
298, 23
205, 892
273, 144
156, 801
98, 207
454, 218
313, 876
49, 36
353, 391
418, 905
181, 397
333, 101
346, 384
191, 872
275, 265
155, 990
166, 201
449, 706
12, 163
398, 525
480, 223
438, 909
307, 405
456, 846
122, 747
269, 54
320, 230
336, 136
441, 875
307, 703
356, 590
15, 910
183, 474
485, 624
175, 250
432, 687
132, 160
284, 405
324, 798
171, 275
374, 473
189, 405
26, 52
85, 380
381, 979
475, 836
269, 349
84, 312
28, 893
160, 722
381, 892
429, 531
227, 751
232, 242
464, 95
349, 57
295, 796
477, 389
351, 698
115, 192
307, 747
486, 28
16, 74
295, 569
5, 2
141, 223
64, 953
